"","Punjab","Sindh","KPK","Balochistan","Islamabad"
"Punjab",1,0.965658282266125,0.957495285508092,0.961864274826591,0.915886420424647
"Sindh",0.965658282266125,1,0.942878988551326,0.962662953336909,0.804942518779556
"KPK",0.957495285508092,0.942878988551326,1,0.922881156254276,0.843813024105463
"Balochistan",0.961864274826591,0.962662953336909,0.922881156254276,1,0.866665128577091
"Islamabad",0.915886420424647,0.804942518779556,0.843813024105463,0.866665128577091,1
